variable,coef,se,t,p_value,ci_low,ci_high,stars,sector,outcome,n,r2
apprenticeship_starts,0.0009079804402657021,0.0006245720041366078,1.4537642325497295,0.14601168302822456,-0.0003161581935940508,0.002132119074125455,,Advanced Manufacturing,lq_emp,291,0.199
apprenticeship_achievements,0.0007301973691408869,0.0014731162523123479,0.4956821079087937,0.6201187125191736,-0.002157057430431934,0.0036174521687137077,,Advanced Manufacturing,lq_emp,291,0.199
deaths_of_enterprises,4.9676834389049346e-05,0.00018786177820346044,0.2644328977619264,0.7914463646553273,-0.00031852548496138486,0.00041787915373948356,,Advanced Manufacturing,lq_emp,291,0.199
active_enterprises,-3.3230907000323024e-05,2.4856748782934932e-05,-1.3368967635516862,0.18125633741924296,-8.194923938763531e-05,1.548742538698926e-05,,Advanced Manufacturing,lq_emp,291,0.199
4g_area_coverage,-0.1931999164366434,0.170131498889332,-1.1355916905329628,0.2561274881181602,-0.5266515268955503,0.14025169402226353,,Advanced Manufacturing,lq_emp,291,0.199
net_additions,0.05183017173472105,0.02176009822428947,2.3818905227581273,0.01722401714095021,0.009181162915059701,0.0944791805543824,**,Advanced Manufacturing,lq_emp,291,0.199
level_3+_qualifications,-0.008046136932988886,0.0031128872312416256,-2.5847826584387876,0.009744039878554382,-0.01414728379415708,-0.0019449900718206932,***,Advanced Manufacturing,lq_bus,290,0.401
gcse_by_age_19,-0.009673102575462474,0.003637459919233173,-2.659301487918992,0.007830285882159178,-0.016802393012367467,-0.002543812138557481,***,Advanced Manufacturing,lq_bus,290,0.401
apprenticeship_starts,0.0005499284637355155,0.00010317324384785967,5.330146104027181,9.813378633978916e-08,0.0003477126216255418,0.0007521443058454891,***,Advanced Manufacturing,lq_bus,290,0.401
fe_and_skills_participation,-3.637915921675096e-05,2.445139514346405e-05,-1.4878152761142238,0.13679961590549794,-8.430301306969808e-05,1.1544694636196169e-05,,Advanced Manufacturing,lq_bus,290,0.401
new_enterprises,-0.00011917438831198517,0.00011119344591275578,-1.0717752951508615,0.2838209719945203,-0.000337109537617889,9.876076099391865e-05,,Advanced Manufacturing,lq_bus,290,0.401
deaths_of_enterprises,-2.514675563520455e-05,7.442464645873431e-05,-0.33788209728544005,0.7354520392742215,-0.00017101638225645028,0.00012072287098604117,,Advanced Manufacturing,lq_bus,290,0.401
high_growth_enterprises,0.0013253926345878778,0.0009103091478657283,1.4559807925640826,0.14539792939914503,-0.00045878051002629637,0.0031095657792020517,,Advanced Manufacturing,lq_bus,290,0.401
broadband_availability,-0.0008599425535454981,0.0015316883742766743,-0.5614344066243879,0.5745014342085355,-0.0038619966026664865,0.00214211149557549,,Advanced Manufacturing,lq_bus,290,0.401
4g_area_coverage,0.019834236519154728,0.017748372558479445,1.117524237999993,0.26377024205601385,-0.014951934479664,0.05462040751797345,,Advanced Manufacturing,lq_bus,290,0.401
net_additions,0.0017560388397572938,0.004748700708494583,0.3697935388128487,0.7115363298102518,-0.0075512435222519275,0.011063321201766514,,Advanced Manufacturing,lq_bus,290,0.401
related_variety,0.5912465721706176,0.09366756884530764,6.3121801863680655,2.7513161726701753e-10,0.4076615107143886,0.7748316336268466,***,Advanced Manufacturing,lq_bus,290,0.401
level_3+_qualifications,0.0020201448024060814,0.001851450691338056,1.0911145578206618,0.27522247784436127,-0.0016086318717682927,0.005648921476580455,,Advanced Manufacturing,growth_bus,290,0.127
apprenticeship_starts,-0.00011388486317570234,0.00020159136296073326,-0.5649292782344314,0.5721218683808106,-0.0005089966741730814,0.0002812269478216767,,Advanced Manufacturing,growth_bus,290,0.127
apprenticeship_achievements,-0.00018012373945609835,0.0003858664482828965,-0.46680332083198206,0.6406405997290014,-0.0009364080809329629,0.0005761606020207662,,Advanced Manufacturing,growth_bus,290,0.127
fe_and_skills_participation,4.2726448242534294e-05,2.0685587951467168e-05,2.0655177093723283,0.038874041664945784,2.1834408586229664e-06,8.326945562644562e-05,**,Advanced Manufacturing,growth_bus,290,0.127
high_growth_enterprises,0.0006907042312786543,0.0005325551180531752,1.2969629017999373,0.19464395166559856,-0.0003530846198880459,0.0017344930824453545,,Advanced Manufacturing,growth_bus,290,0.127
broadband_availability,0.0013233600632345322,0.0012577972533022958,1.052125101847777,0.292742156820859,-0.0011418772530913711,0.0037885973795604355,,Advanced Manufacturing,growth_bus,290,0.127
4g_area_coverage,-0.011829123736868962,0.0073838701064380926,-1.6020221870581113,0.10915070330047258,-0.026301243212009558,0.002642995738271635,,Advanced Manufacturing,growth_bus,290,0.127
related_variety,0.20344881243988786,0.07550683844817353,2.6944422071059337,0.007050655272408763,0.055458128494983494,0.3514394963847922,***,Advanced Manufacturing,growth_bus,290,0.127
level_3+_qualifications,0.022536374177726887,0.004184053084806802,5.386254361724356,7.194113359192061e-08,0.014335780822101843,0.03073696753335193,***,Creative Industries,lq_emp,290,0.508
gcse_by_age_19,0.017618353417212313,0.006495822394781881,2.7122591023063074,0.0066826334804448734,0.004886775473471102,0.030349931360953524,***,Creative Industries,lq_emp,290,0.508
apprenticeship_starts,-0.00019165686862137064,0.0002731287356840203,-0.7017089144479343,0.48286071252634544,-0.0007269793537050104,0.00034366561646226903,,Creative Industries,lq_emp,290,0.508
apprenticeship_achievements,-0.0009322930160016198,0.0006053029766211422,-1.5402088739192505,0.12350944753411852,-0.002118665049913949,0.0002540790179107093,,Creative Industries,lq_emp,290,0.508
high_growth_enterprises,0.006090125219633502,0.001584342229997518,3.843945521570199,0.00012107189379064205,0.002984871509652492,0.009195378929614513,***,Creative Industries,lq_emp,290,0.508
broadband_availability,0.005073449755440034,0.0017354282332074868,2.9234569648916477,0.0034616807341842173,0.0016720729205993825,0.008474826590280687,***,Creative Industries,lq_emp,290,0.508
level_3+_qualifications,0.02190594549848429,0.0035498819352260793,6.170894102451094,6.790489296556681e-10,0.014948304756071827,0.028863586240896758,***,Creative Industries,lq_bus,290,0.692
gcse_by_age_19,0.014488997995239708,0.004267950217314182,3.3948376287194897,0.0006866931276076933,0.0061239692814940155,0.0228540267089854,***,Creative Industries,lq_bus,290,0.692
apprenticeship_starts,-0.0004032099352739099,0.000275031258939875,-1.4660513020523833,0.14263431110731037,-0.0009422612974187745,0.0001358414268709548,,Creative Industries,lq_bus,290,0.692
apprenticeship_achievements,-0.0007090607659152583,0.0005317972062976967,-1.3333292418958864,0.1824237815293187,-0.001751364137337761,0.00033324260550724437,,Creative Industries,lq_bus,290,0.692
fe_and_skills_participation,3.298542283450295e-05,2.273528574550673e-05,1.450847075499018,0.1468224478223803,-1.1574918404917113e-05,7.754576407392302e-05,,Creative Industries,lq_bus,290,0.692
high_growth_enterprises,0.002586263349035892,0.0011279569532210267,2.2928741576976703,0.0218552510136432,0.00037550834461114917,0.004797018353460634,**,Creative Industries,lq_bus,290,0.692
broadband_availability,0.0024702606944511547,0.001343775011428449,1.8382993235044889,0.06601831074582701,-0.0001634899312735051,0.005104011320175815,*,Creative Industries,lq_bus,290,0.692
4g_area_coverage,0.01833588796998281,0.01175316741274728,1.5600805575266485,0.11874084546684789,-0.0046998968632716645,0.04137167280323729,,Creative Industries,lq_bus,290,0.692
net_additions,-0.002878237186768156,0.003235893273848424,-0.8894722239541262,0.37374934451217456,-0.009220471461326474,0.0034639970877901613,,Creative Industries,lq_bus,290,0.692
fe_and_skills_participation,1.5013609763000219e-05,5.252057380520712e-06,2.8586149531960565,0.004254949121378375,4.719766452441846e-06,2.530745307355859e-05,***,Creative Industries,growth_bus,295,0.11
related_variety,0.1728705606576378,0.046068539447002475,3.752464539417603,0.00017510460673714028,0.08257788252115018,0.26316323879412545,***,Creative Industries,growth_bus,295,0.11
level_3+_qualifications,0.014310165337260252,0.0040711921855978465,3.5149815299517315,0.00043978457402226286,0.006330775279347566,0.02228955539517294,***,Digital and Technologies,lq_emp,290,0.415
gcse_by_age_19,0.018214614271358287,0.005697283389751383,3.1970700815275985,0.0013883119202457203,0.0070481440177273,0.029381084524989276,***,Digital and Technologies,lq_emp,290,0.415
apprenticeship_achievements,-0.0006460815362272565,0.0002711946760268171,-2.3823533178924525,0.01720238369049178,-0.001177613334038826,-0.00011454973841568692,**,Digital and Technologies,lq_emp,290,0.415
fe_and_skills_participation,-3.787583567359938e-05,2.4440708914471915e-05,-1.549702825975404,0.1212128595483787,-8.577874490259137e-05,1.0027073555392616e-05,,Digital and Technologies,lq_emp,290,0.415
new_enterprises,-0.00032693515864805486,7.206383725895107e-05,-4.536743685647216,5.712946938921284e-06,-0.0004681776842633546,-0.00018569263303275512,***,Digital and Technologies,lq_emp,290,0.415
high_growth_enterprises,0.008314299666155886,0.0024766408581719575,3.357087338166901,0.000787682268727311,0.003460172781498478,0.013168426550813295,***,Digital and Technologies,lq_emp,290,0.415
broadband_availability,0.011253279773432231,0.0020081452596053735,5.603817612100255,2.0968134905907348e-08,0.007317387388880862,0.0151891721579836,***,Digital and Technologies,lq_emp,290,0.415
4g_area_coverage,0.014097664349704558,0.018957667720510562,0.7436391732118028,0.4570947975091111,-0.023058681613373683,0.0512540103127828,,Digital and Technologies,lq_emp,290,0.415
net_additions,0.014085738949615715,0.005735416838951169,2.455922445593608,0.014052348025600438,0.0028445285089468593,0.02532694939028457,**,Digital and Technologies,lq_emp,290,0.415
level_3+_qualifications,0.0135348543403056,0.002180259740917226,6.207909124906166,5.36941831828886e-10,0.009261623771165208,0.017808084909445993,***,Digital and Technologies,lq_bus,290,0.618
gcse_by_age_19,0.011784187670609542,0.002957399598228529,3.984645050221899,6.758106654810445e-05,0.005987790970188399,0.017580584371030685,***,Digital and Technologies,lq_bus,290,0.618
apprenticeship_achievements,-0.0004947565608711666,0.000169568236591744,-2.917743150578093,0.0035257464026625727,-0.0008271041975129518,-0.00016240892422938146,***,Digital and Technologies,lq_bus,290,0.618
fe_and_skills_participation,-2.2080862629081446e-05,1.5182093495075461e-05,-1.4544017026534386,0.14583496817979064,-5.183721908934919e-05,7.675493831186291e-06,,Digital and Technologies,lq_bus,290,0.618
high_growth_enterprises,0.0011158257963229741,0.0007922141544261673,1.408490103450893,0.1589859953937236,-0.00043688541439516654,0.0026685370070411146,,Digital and Technologies,lq_bus,290,0.618
broadband_availability,0.005540914558552413,0.001027236549717703,5.394000593217914,6.890599011617783e-08,0.0035275679175025263,0.0075542611996023,***,Digital and Technologies,lq_bus,290,0.618
4g_area_coverage,0.016574640925644143,0.012707904277049044,1.304278074833989,0.1921387880425769,-0.008332393776354498,0.04148167562764278,,Digital and Technologies,lq_bus,290,0.618
net_additions,0.002285504131103102,0.002579079526226572,0.886170475885636,0.3755256705763649,-0.0027693988535656047,0.007340407115771809,,Digital and Technologies,lq_bus,290,0.618
related_variety,-0.4629060307902706,0.12580913667568844,-3.6794309461287584,0.00023375497248040154,-0.7094874076006972,-0.21632465397984404,***,Digital and Technologies,lq_bus,290,0.618
level_3+_qualifications,0.0016854851344682172,0.001496875654862171,1.1260021024414435,0.2601646294112324,-0.001248337238396446,0.00461930750733288,,Digital and Technologies,growth_emp,290,0.106
apprenticeship_achievements,-0.0001776641093356623,9.98495982640076e-05,-1.7793172173403144,0.07518776979140897,-0.0003733657258039103,1.80375071325857e-05,*,Digital and Technologies,growth_emp,290,0.106
high_growth_enterprises,0.0009998554858025928,0.0005733589752506894,1.7438559941708887,0.08118420370061845,-0.0001239074559015506,0.0021236184275067365,*,Digital and Technologies,growth_emp,290,0.106
net_additions,0.007307785816073461,0.002355677340758785,3.102201515305809,0.0019208715051184488,0.0026907430689891544,0.011924828563157769,***,Digital and Technologies,growth_emp,290,0.106
related_variety,0.18078003353206415,0.09030770092686227,2.0018230081892234,0.04530377048387141,0.0037801921887996304,0.3577798748753287,**,Digital and Technologies,growth_emp,290,0.106
level_3+_qualifications,0.0011738335315544283,0.0007818992663777567,1.5012592824039273,0.1332885120534605,-0.00035866087008426485,0.0027063279331931214,,Digital and Technologies,growth_bus,290,0.244
gcse_by_age_19,-0.00019273164716351328,0.0011613948550601686,-0.16594842514049918,0.868197538042591,-0.0024690237349115594,0.002083560440584533,,Digital and Technologies,growth_bus,290,0.244
apprenticeship_starts,-6.789856296341532e-06,5.8514369623990495e-05,-0.11603741679134037,0.9076228877657991,-0.00012147591333742746,0.00010789620074474438,,Digital and Technologies,growth_bus,290,0.244
apprenticeship_achievements,-4.111762385405554e-05,0.00011359763359705467,-0.36195845416908073,0.7173830771045707,-0.0002637648944332599,0.00018152964672514885,,Digital and Technologies,growth_bus,290,0.244
fe_and_skills_participation,-2.280595728687781e-06,7.339688001101554e-06,-0.31072107265942434,0.7560126760273952,-1.666611986860761e-05,1.2104928411232046e-05,,Digital and Technologies,growth_bus,290,0.244
new_enterprises,8.747773481935043e-05,5.137253572181882e-05,1.702811309393807,0.08860338572346567,-1.3210584989911835e-05,0.0001881660546286127,*,Digital and Technologies,growth_bus,290,0.244
deaths_of_enterprises,3.244932593327974e-05,4.582004283194231e-05,0.7081906503731703,0.4788268714888436,-5.7356307787409855e-05,0.00012225495965396933,,Digital and Technologies,growth_bus,290,0.244
active_enterprises,-1.839635818634858e-05,7.029799259190538e-06,-2.6169108829527046,0.008872950338630045,-3.2174511552908385e-05,-4.618204819788773e-06,***,Digital and Technologies,growth_bus,290,0.244
high_growth_enterprises,0.0012989589105815613,0.0004011398005173719,3.2381701065469524,0.0012029905819266615,0.0005127393488019307,0.002085178472361192,***,Digital and Technologies,growth_bus,290,0.244
broadband_availability,-0.0009591335275379075,0.0004449443485465231,-2.155625823029464,0.03111289449239299,-0.0018312084258137295,-8.705862926208546e-05,**,Digital and Technologies,growth_bus,290,0.244
4g_area_coverage,-0.0060130747216285705,0.0028870975290932015,-2.0827404204516764,0.037274890938815496,-0.011671681898505825,-0.00035446754475131504,**,Digital and Technologies,growth_bus,290,0.244
net_additions,0.00216606469950885,0.0009409664768352382,2.3019573521832535,0.021337577374281675,0.00032180429425223995,0.00401032510476546,**,Digital and Technologies,growth_bus,290,0.244
related_variety,0.14456585284286888,0.044775804709114866,3.2286600717069875,0.001243716330132365,0.056806888234204794,0.23232481745153297,***,Digital and Technologies,growth_bus,290,0.244
deaths_of_enterprises,-0.00031432324654951575,0.00020833452079594352,-1.5087429838734432,0.13136447634327164,-0.000722651404045976,9.400491094694447e-05,,Financial Services,lq_emp,292,0.326
high_growth_enterprises,0.013805549240712454,0.0063436112287776885,2.17629182224847,0.02953344664415238,0.0013722997003843065,0.0262387987810406,**,Financial Services,lq_emp,292,0.326
related_variety,0.7794876333938205,0.3243221198330391,2.4034365395585735,0.016241785770360177,0.14382795913138036,1.4151473076562606,**,Financial Services,lq_emp,292,0.326
gcse_by_age_19,0.002861582400482886,0.004741624636938078,0.6035025164562086,0.5461744419615007,-0.006431831116123556,0.012154995917089328,,Financial Services,lq_bus,290,0.38
apprenticeship_starts,0.00039249554056153236,0.0002040543736250611,1.9234850671846992,0.054419160089342805,-7.443682631467293e-06,0.000792434763754532,*,Financial Services,lq_bus,290,0.38
apprenticeship_achievements,-0.0008904150019664941,0.00034335617822204233,-2.5932692010297207,0.009506832424380291,-0.001563380745151013,-0.0002174492587819751,***,Financial Services,lq_bus,290,0.38
fe_and_skills_participation,-5.4887281719685765e-05,2.0736258062921306e-05,-2.6469231600579963,0.008122780764135796,-9.552960069713983e-05,-1.4244962742231701e-05,***,Financial Services,lq_bus,290,0.38
new_enterprises,-0.00013476272741294403,4.7679525937701825e-05,-2.826427586319237,0.004707038532935108,-0.00022821288105078294,-4.1312573775105106e-05,***,Financial Services,lq_bus,290,0.38
high_growth_enterprises,0.007940409647016252,0.0010872864354484811,7.302960276278084,2.8150431389784116e-13,0.005809367392658294,0.01007145190137421,***,Financial Services,lq_bus,290,0.38
broadband_availability,0.005914418730572354,0.0013498183153115412,4.381640598206946,1.1778899507442359e-05,0.0032688234468892024,0.008560014014255504,***,Financial Services,lq_bus,290,0.38
4g_area_coverage,0.016427304244888488,0.008941659185860772,1.8371651058748228,0.06618552522711724,-0.0010980257214303658,0.03395263421120734,*,Financial Services,lq_bus,290,0.38
net_additions,0.004989736180874775,0.004098860199279523,1.2173472473522873,0.2234721249761209,-0.0030438821873777586,0.013023354549127309,,Financial Services,lq_bus,290,0.38
related_variety,-0.8265080045476557,0.3996488823007283,-2.0680853648071107,0.038631996648179595,-1.6098054203187702,-0.04321058877654116,**,Financial Services,lq_bus,290,0.38
net_additions,0.00892672042400096,0.003945439502621263,2.262541452750763,0.023663970743574327,0.00119380109568166,0.01665963975232026,**,Financial Services,growth_emp,291,0.015
net_additions,0.009162214325609794,0.002685503169477285,3.411730967121948,0.0006455178871086358,0.003898724833066151,0.014425703818153439,***,Financial Services,growth_bus,291,0.066
related_variety,-0.214716786748639,0.21343027606842954,-1.0060277796754429,0.3144022071743532,-0.6330324410532019,0.2035988675559239,,Financial Services,growth_bus,291,0.066
gcse_by_age_19,0.023934562778340635,0.01603886709313504,1.4922851245887008,0.13562441469827238,-0.007501039077028669,0.05537016463370994,,Life Sciences,lq_emp,290,0.109
apprenticeship_achievements,0.0006470692939067199,0.0005763775237588817,1.1226483810243284,0.26158685896217926,-0.0004826098941590676,0.0017767484819725073,,Life Sciences,lq_emp,290,0.109
fe_and_skills_participation,-0.00020834653074895852,8.382189421256604e-05,-2.4855860477288587,0.012933831486013788,-0.00037263442452151435,-4.40586369764027e-05,**,Life Sciences,lq_emp,290,0.109
new_enterprises,-0.0003025894362621705,0.00034124453062910293,-0.8867231826524233,0.37522795390828323,-0.0009714164262164876,0.00036623755369214655,,Life Sciences,lq_emp,290,0.109
deaths_of_enterprises,-0.00024708978659936066,0.00027866516533290664,-0.8866906141791188,0.37524549294084675,-0.0007932634743977573,0.000299083901199036,,Life Sciences,lq_emp,290,0.109
high_growth_enterprises,0.004910681610272205,0.003053857444826012,1.608025816199152,0.107829524809246,-0.001074768995506294,0.010896132216050704,,Life Sciences,lq_emp,290,0.109
broadband_availability,0.01952961882064829,0.007997104472666517,2.442086243514639,0.014602657690302284,0.0038555820736177367,0.03520365556767885,**,Life Sciences,lq_emp,290,0.109
4g_area_coverage,-0.15038323736033476,0.07425218922917073,-2.025303750926379,0.042836183611535794,-0.2959148540227623,-0.004851620697907205,**,Life Sciences,lq_emp,290,0.109
net_additions,0.008364402821086777,0.01848064620601846,0.4526033737046923,0.6508343690083773,-0.027856998153736198,0.04458580379590975,,Life Sciences,lq_emp,290,0.109
related_variety,0.8351684550764361,0.35999624020012855,2.3199366043716196,0.02034430705218296,0.12958878971435372,1.5407481204385185,**,Life Sciences,lq_emp,290,0.109
level_3+_qualifications,0.02169896905366642,0.011020510516812262,1.968962238234219,0.04895742755947819,9.916534946948982e-05,0.043298772757863355,**,Life Sciences,lq_bus,290,0.284
gcse_by_age_19,-0.014440786000358564,0.014135220970770579,-1.0216172800000682,0.3069620758508088,-0.0421453100165842,0.013263738015867069,,Life Sciences,lq_bus,290,0.284
fe_and_skills_participation,-0.00011211832793152029,6.080613518607714e-05,-1.8438653860900562,0.06520276069081007,-0.00023129616293530522,7.059507072264645e-06,*,Life Sciences,lq_bus,290,0.284
deaths_of_enterprises,-0.00010769707091631679,0.0001974912005677459,-0.545325921391486,0.5855293792517167,-0.000494772711292675,0.00027937856946004145,,Life Sciences,lq_bus,290,0.284
active_enterprises,-4.65000874141501e-05,4.358443924102581e-05,-1.0668965397719241,0.2860185575424953,-0.00013192401861293493,3.8923843784634726e-05,,Life Sciences,lq_bus,290,0.284
high_growth_enterprises,0.006035008122182162,0.0035225096560407136,1.7132694332953189,0.08666298305347778,-0.0008689839388522106,0.012939000183216535,*,Life Sciences,lq_bus,290,0.284
broadband_availability,0.010512695886238958,0.00343463515775206,3.060789691886643,0.002207540926758534,0.003780934677009874,0.01724445709546804,***,Life Sciences,lq_bus,290,0.284
net_additions,0.013378566903172365,0.011829011536094013,1.13099618360758,0.258056697735759,-0.009805869680280722,0.03656300348662545,,Life Sciences,lq_bus,290,0.284
related_variety,1.0314098856247502,0.12522171933824167,8.236669254147241,1.770711176339358e-16,0.7859798256396138,1.2768399456098867,***,Life Sciences,lq_bus,290,0.284
level_3+_qualifications,0.020377683241134377,0.008025400051400646,2.5391485920478107,0.011112261592665705,0.0046481881788632134,0.03610717830340554,**,Life Sciences,growth_bus,252,0.363
gcse_by_age_19,-0.014993247723898574,0.011269857967644556,-1.330384798720957,0.18339152047733775,-0.03708176345136367,0.007095268003566524,,Life Sciences,growth_bus,252,0.363
apprenticeship_achievements,-0.00016720239035004892,0.0002878075895566784,-0.58095198464918,0.5612728148354333,-0.0007312949003584247,0.00039689011965832687,,Life Sciences,growth_bus,252,0.363
fe_and_skills_participation,-2.5112586649699826e-05,4.2065427656005475e-05,-0.5969887398996793,0.5505148984036493,-0.0001075593098497457,5.7334136550346046e-05,,Life Sciences,growth_bus,252,0.363
deaths_of_enterprises,-0.00021652588063514658,7.332290595029616e-05,-2.9530455432566227,0.003146555365742705,-0.00036023613553954465,-7.281562573074849e-05,***,Life Sciences,growth_bus,252,0.363
high_growth_enterprises,0.0025618073121665332,0.0020900680250468284,1.2257052313448675,0.22030962087182948,-0.0015346507421640102,0.006658265366497077,,Life Sciences,growth_bus,252,0.363
broadband_availability,0.008128363014774136,0.002672925111060099,3.0409991589889236,0.0023579448941153168,0.0028895260637236183,0.013367199965824654,***,Life Sciences,growth_bus,252,0.363
related_variety,0.951605501757045,0.11837125771884409,8.03916018208831,9.045627080812483e-16,0.7196020998234016,1.1836089036906883,***,Life Sciences,growth_bus,252,0.363
level_3+_qualifications,0.0016533161807926369,0.003316113166621907,0.4985704943468061,0.6180819956648562,-0.004846146194445372,0.008152778556030646,,Professional and Business Services,lq_emp,290,0.46
gcse_by_age_19,0.013976451141723727,0.004739326192415349,2.9490376003430927,0.0031876519096105446,0.004687542493602297,0.023265359789845157,***,Professional and Business Services,lq_emp,290,0.46
apprenticeship_achievements,-0.0003840851404920487,0.00014864269119940993,-2.583949048505746,0.009767622285514815,-0.000675419461808001,-9.275081917609637e-05,***,Professional and Business Services,lq_emp,290,0.46
fe_and_skills_participation,-4.670803361594976e-05,1.607326653021764e-05,-2.9059453178443198,0.003661454294986766,-7.821105712908941e-05,-1.520501010281011e-05,***,Professional and Business Services,lq_emp,290,0.46
active_enterprises,-1.573677967849427e-05,6.12024139781609e-06,-2.5712678071995145,0.010132693695990048,-2.7732232394904886e-05,-3.741326962083654e-06,**,Professional and Business Services,lq_emp,290,0.46
high_growth_enterprises,0.005881654890619164,0.001873014002043026,3.140208713978452,0.0016882750734074792,0.002210614904075602,0.009552694877162727,***,Professional and Business Services,lq_emp,290,0.46
broadband_availability,0.006685815960202088,0.0010745590003533039,6.2219161144282085,4.911196147418923e-10,0.0045797190202462494,0.008791912900157926,***,Professional and Business Services,lq_emp,290,0.46
4g_area_coverage,0.006755237618839538,0.009345086002418089,0.7228652167665001,0.46976269518395797,-0.011560794378329306,0.025071269616008383,,Professional and Business Services,lq_emp,290,0.46
net_additions,0.006421396003247869,0.0030014251712178275,2.1394489740493476,0.032399324229536466,0.0005387107653689622,0.012304081241126776,**,Professional and Business Services,lq_emp,290,0.46
related_variety,-0.2890584337961146,0.4015954052181344,-0.7197752515099292,0.47166338496596116,-1.076170964380427,0.4980540967881977,,Professional and Business Services,lq_emp,290,0.46
level_3+_qualifications,0.008640112679604472,0.00127620788265511,6.77014520677383,1.2865320667705076e-11,0.006138791192814337,0.011141434166394607,***,Professional and Business Services,lq_bus,290,0.778
gcse_by_age_19,0.00855966166095895,0.001923345114667669,4.450403412097968,8.570913544454312e-06,0.004789974506369259,0.012329348815548643,***,Professional and Business Services,lq_bus,290,0.778
apprenticeship_starts,-6.505137199957634e-05,0.00013313179093547468,-0.48862387820730924,0.6251080047372577,-0.00032598488743042274,0.0001958821434312701,,Professional and Business Services,lq_bus,290,0.778
apprenticeship_achievements,-0.00026661181319930036,0.0002251383629641884,-1.1842131642473963,0.23632869235048004,-0.0007078748961474161,0.0001746512697488153,,Professional and Business Services,lq_bus,290,0.778
fe_and_skills_participation,-1.4805364876607325e-05,8.706392384020943e-06,-1.7005166116542112,0.08903379448094068,-3.18695803845622e-05,2.258850631347545e-06,*,Professional and Business Services,lq_bus,290,0.778
high_growth_enterprises,0.0014152256953879002,0.0005155618863784509,2.7450161324552345,0.006050792315187799,0.0004047429662846051,0.002425708424491195,***,Professional and Business Services,lq_bus,290,0.778
broadband_availability,0.002872021825983273,0.0006183010344890375,4.645021867635568,3.4004043479014953e-06,0.0016601740667809015,0.004083869585185644,***,Professional and Business Services,lq_bus,290,0.778
4g_area_coverage,0.014360482141359297,0.007379624190993909,1.9459638823999772,0.05165907827389592,-0.00010331549242929665,0.02882427977514789,*,Professional and Business Services,lq_bus,290,0.778
related_variety,-1.40529597623985,0.16580021786300927,-8.475839141544201,2.3339105834382366e-17,-1.7302584318802428,-1.0803335205994573,***,Professional and Business Services,lq_bus,290,0.778
fe_and_skills_participation,-1.597708723896578e-05,1.4866010666280094e-05,-1.0747393902525504,0.2824914229324963,-4.511393273866305e-05,1.3159758260731497e-05,,Professional and Business Services,growth_emp,292,0.024
high_growth_enterprises,0.0007649161023852132,0.00028620633757835243,2.6726036497210974,0.007526511893229772,0.00020396198858452978,0.0013258702161858967,***,Professional and Business Services,growth_emp,292,0.024
4g_area_coverage,-0.02139001386126727,0.012001806234542754,-1.7822328942208747,0.07471126070373978,-0.04491312183039935,0.0021330941078648094,*,Professional and Business Services,growth_emp,292,0.024
high_growth_enterprises,0.0003838841573866008,0.00013574490749877327,2.8279820175948034,0.004684243768630552,0.0001178290276042841,0.0006499392871689175,***,Professional and Business Services,growth_bus,292,0.061
broadband_availability,-0.0006155491537719595,0.0003427888891461083,-1.7957091762959432,0.07254078172144789,-0.0012874030307988248,5.63047232549058e-05,*,Professional and Business Services,growth_bus,292,0.061
4g_area_coverage,-0.004845807008639539,0.0031465075263453664,-1.540058928213622,0.12354599002430135,-0.011012848437360672,0.0013212344200815938,,Professional and Business Services,growth_bus,292,0.061
related_variety,0.19517197942042774,0.10218845222147757,1.9099220624011688,0.05614324894762468,-0.005113706569560367,0.3954576654104158,*,Professional and Business Services,growth_bus,292,0.061
